小时,行为量,活跃用户数,人均行为数,加购渗透率,购买渗透率,加购者购买率
0,242529,25149,9.64,26.29,11.77,44.77
1,110789,12854,8.62,24.61,8.97,36.45
2,62554,7433,8.42,24.49,8.26,33.74
3,42455,5475,7.75,23.09,7.4,32.04
4,36895,4928,7.49,23.34,6.78,29.04
5,47627,6685,7.12,21.63,7.14,32.99
6,101877,14841,6.86,22.47,7.65,34.06
7,177518,26964,6.58,22.36,8.21,36.72
8,243142,35927,6.77,22.11,10.43,47.18
9,305028,42367,7.2,22.77,13.0,57.08
10,356472,47776,7.46,23.19,14.52,62.6
11,343811,48453,7.1,22.62,14.03,62.01
12,355958,49231,7.23,22.67,13.54,59.71
13,386416,50009,7.73,23.57,13.66,57.93
14,381920,48942,7.8,23.45,13.8,58.83
15,390006,49949,7.81,23.46,13.46,57.37
16,369617,49087,7.53,23.63,13.06,55.28
17,336200,47953,7.01,22.22,12.09,54.42
18,346708,47956,7.23,22.19,11.63,52.41
19,435982,51853,8.41,24.35,12.51,51.39
20,531480,55782,9.53,26.94,13.29,49.34
21,603699,57891,10.43,28.76,13.66,47.49
22,600861,55013,10.92,30.55,13.38,43.8
23,449495,42396,10.6,31.21,12.14,38.9
