首次出现日,队列说明,队列人数,距首次出现天数,回访人数,回访率,队列可观察天数
2017-11-25,数据首日（把老客也算进来了，不是新客）,70991,2,54490,76.76,6
2017-11-25,数据首日（把老客也算进来了，不是新客）,70991,1,55919,78.77,6
2017-11-25,数据首日（把老客也算进来了，不是新客）,70991,3,53920,75.95,6
2017-11-26,此前未在样本中出现过,15823,2,10252,64.79,5
2017-11-26,此前未在样本中出现过,15823,3,10395,65.7,5
2017-11-26,此前未在样本中出现过,15823,1,10323,65.24,5
2017-11-27,此前未在样本中出现过,6338,1,3898,61.5,4
2017-11-27,此前未在样本中出现过,6338,2,3964,62.54,4
2017-11-27,此前未在样本中出现过,6338,3,4082,64.41,4
2017-11-28,此前未在样本中出现过,3057,1,1923,62.9,3
2017-11-28,此前未在样本中出现过,3057,2,1973,64.54,3
2017-11-28,此前未在样本中出现过,3057,3,1950,63.79,3
2017-11-29,此前未在样本中出现过,1775,2,1289,72.62,2
2017-11-29,此前未在样本中出现过,1775,1,1212,68.28,2
2017-11-30,此前未在样本中出现过,996,1,941,94.48,1
