类目,浏览人数,购买人数,转化率,行为量
4756105,35432,1797,5.07,348629
4145813,31414,2059,6.55,253463
2355072,31655,832,2.63,252594
3607361,28307,866,3.06,227723
982926,33612,1577,4.69,223651
2520377,24791,604,2.44,155701
4801426,26752,1713,6.4,150867
1320293,29022,1160,4.0,144505
2465336,21846,856,3.92,122321
3002561,20882,1100,5.27,112537
2735466,21061,2264,10.75,96751
4181361,13547,616,4.55,82868
149192,16042,728,4.54,78247
1080785,18781,284,1.51,76463
2885642,11651,2032,17.44,76043
4217906,16374,938,5.73,74176
154040,12542,170,1.36,72694
3738615,10923,634,5.8,66997
2640118,10865,1168,10.75,62875
1879194,12010,808,6.73,61574
