dt,n,users
1902-05-08,2,1
1905-07-13,28,1
1910-07-22,1,1
1911-03-24,1,1
1918-04-15,4,1
1918-08-01,1,1
1918-08-03,2,1
1918-08-04,4,1
1919-09-19,1,1
1920-10-10,18,1
1920-10-11,32,1
1920-10-12,1,1
1921-09-16,1,1
1922-02-05,28,1
1922-02-06,58,1
1922-02-07,2,1
1929-09-13,1,1
1929-09-14,5,1
1929-09-15,2,2
1929-09-17,45,2
1929-09-18,23,2
1929-09-19,1,1
1929-09-21,1,1
1929-09-22,23,2
1929-09-23,3,2
1929-09-24,2,1
1929-09-25,1,1
1929-09-26,24,2
1929-09-27,1,1
1929-09-28,1,1
1929-09-29,1,1
1970-01-01,20,4
1970-01-02,9,2
1970-01-03,4,1
1970-01-04,2,1
1970-01-13,1,1
1970-01-22,2,1
1970-01-24,5,1
1970-01-27,1,1
1970-01-28,1,1
1970-01-31,1,1
1971-11-13,1,1
1974-10-08,1,1
1974-10-09,3,1
1975-01-09,9,1
1976-04-28,3,1
1979-03-16,9,1
1990-09-02,1,1
1991-08-17,1,1
1993-02-11,4,1
1999-07-02,5,1
2000-01-01,1,1
2000-12-19,1,1
2001-02-27,6,1
2004-10-07,2,1
2006-02-18,5,1
2006-10-27,6,1
2008-03-23,12,1
2009-11-26,1,1
2010-01-01,8,4
2010-01-02,11,1
2010-01-03,6,1
2010-01-04,27,1
2010-01-07,9,1
2012-11-30,5,1
2012-12-02,25,1
2012-12-03,12,1
2013-06-06,1,1
2013-06-07,30,1
2013-06-08,1,1
2013-11-20,1,1
2014-01-01,1,1
2014-01-02,59,1
2014-03-08,2,1
2015-01-01,18,4
2015-01-05,2,1
2015-02-06,1,1
2015-02-15,5,1
2015-03-09,1,1
2015-10-29,4,1
2015-11-29,34,1
2015-12-03,3,1
2016-01-01,6,1
2016-01-05,1,1
2016-01-06,2,1
2016-01-18,1,1
2016-05-01,1,1
2016-06-17,6,1
2016-07-30,1,1
2016-10-04,5,1
2016-10-05,5,1
2016-10-09,3,1
2016-10-10,10,1
2016-10-20,19,2
2016-10-22,2,1
2016-10-29,1,1
2016-11-24,3,1
2016-11-28,10,1
2016-11-29,3,1
2016-12-03,2,1
2017-03-21,1,1
2017-04-02,1,1
2017-04-05,1,1
2017-04-11,9,1
2017-04-12,12,1
2017-04-13,27,2
2017-04-16,2,1
2017-05-12,1,1
2017-05-15,2,2
2017-05-25,7,1
2017-06-01,5,1
2017-06-02,17,1
2017-06-15,16,1
2017-06-19,1,1
2017-06-21,1,1
2017-07-03,2,1
2017-07-20,3,2
2017-07-23,1,1
2017-07-25,1,1
2017-08-01,6,1
2017-08-02,2,2
2017-08-03,1,1
2017-08-06,73,3
2017-08-07,29,1
2017-08-08,1,1
2017-08-16,1,1
2017-08-20,1,1
2017-08-21,1,1
2017-08-23,9,2
2017-08-24,3,2
2017-08-25,1,1
2017-08-26,37,2
2017-08-27,26,1
2017-08-28,3,1
2017-08-29,2,2
2017-08-31,3,2
2017-09-01,3,2
2017-09-02,1,1
2017-09-03,1,1
2017-09-04,2,2
2017-09-07,2,2
2017-09-09,5,3
2017-09-10,1,1
2017-09-11,1,1
2017-09-12,2,1
2017-09-15,21,3
2017-09-16,5,3
2017-09-17,2,2
2017-09-18,1,1
2017-09-20,8,5
2017-09-21,2,2
2017-09-22,18,5
2017-09-23,1,1
2017-09-26,3,2
2017-09-27,1,1
2017-09-30,4,3
2017-10-01,2,2
2017-10-02,341,5
2017-10-03,19,5
2017-10-05,7,3
2017-10-06,27,3
2017-10-07,11,3
2017-10-08,1,1
2017-10-09,7,5
2017-10-10,5,3
2017-10-11,3,3
2017-10-12,2,2
2017-10-13,3,3
2017-10-14,4,3
2017-10-15,4,4
2017-10-16,23,4
2017-10-18,2,2
2017-10-19,1,1
2017-10-20,32,3
2017-10-21,11,9
2017-10-22,10,8
2017-10-23,5,5
2017-10-24,10,9
2017-10-25,11,6
2017-10-26,38,10
2017-10-27,19,7
2017-10-28,29,13
2017-10-29,62,14
2017-10-30,28,11
2017-10-31,13,11
2017-11-01,66,16
2017-11-02,444,51
2017-11-03,562,55
2017-11-04,89,19
2017-11-05,35,28
2017-11-06,48,22
2017-11-07,40,19
2017-11-08,23,14
2017-11-09,30,18
2017-11-10,91,35
2017-11-11,126,100
2017-11-12,163,89
2017-11-13,77,43
2017-11-14,149,81
2017-11-15,115,82
2017-11-16,143,89
2017-11-17,205,135
2017-11-18,376,240
2017-11-19,647,459
2017-11-20,630,410
2017-11-21,743,569
2017-11-22,1546,1276
2017-11-23,4664,3714
2017-11-24,40231,33616
2017-11-25,10420015,706641
2017-11-26,10664602,715516
2017-11-27,10101147,710094
2017-11-28,9878190,709257
2017-11-29,10284073,718922
2017-11-30,10447740,730597
2017-12-01,10859436,740139
2017-12-02,13777869,970401
2017-12-03,13662159,966977
2017-12-04,825,158
2017-12-05,63,5
2017-12-06,45,7
2017-12-07,63,8
2017-12-08,29,3
2017-12-09,16,5
2017-12-10,22,3
2017-12-11,7,3
2017-12-12,3,2
2017-12-13,15,5
2017-12-14,64,5
2017-12-15,1,1
2017-12-16,10,2
2017-12-19,2,1
2017-12-21,7,1
2017-12-24,3,1
2017-12-26,14,2
2017-12-27,1,1
2017-12-30,15,1
2017-12-31,106,2
2018-01-01,29,3
2018-01-02,1,1
2018-01-03,2,1
2018-01-05,1,1
2018-01-06,6,1
2018-01-18,5,1
2018-01-31,1,1
2018-02-03,12,1
2018-02-09,28,1
2018-02-10,74,1
2018-02-25,6,1
2018-03-06,1,1
2018-03-07,8,1
2018-03-11,7,1
2018-03-17,1,1
2018-03-21,3,1
2018-04-27,4,1
2018-05-20,3,1
2018-05-23,5,1
2018-06-20,6,1
2018-08-28,16,1
2018-09-01,2,1
2018-09-02,8,1
2018-09-06,2,1
2018-10-20,3,1
2018-11-26,58,1
2018-11-29,6,1
2018-12-01,7,1
2018-12-02,3,2
2018-12-03,11,1
2019-02-18,23,1
2019-02-19,1,1
2019-02-20,8,1
2019-02-21,7,1
2019-02-24,6,1
2019-02-25,26,1
2019-02-26,9,1
2019-10-20,17,2
2019-10-21,33,1
2019-10-22,4,2
2019-10-23,17,2
2019-10-27,17,1
2019-11-01,43,2
2019-11-02,4,1
2019-11-03,3,2
2019-11-04,1,1
2020-05-10,15,1
2020-10-18,9,1
2020-10-19,2,1
2020-10-20,1,1
2020-10-27,13,2
2020-10-28,3,1
2020-11-01,9,2
2020-11-02,2,1
2020-11-04,5,2
2021-01-03,7,1
2021-01-04,4,1
2021-04-30,28,1
2021-05-06,2,1
2021-10-08,18,1
2021-10-09,49,1
2021-10-18,2,1
2021-10-19,2,2
2021-10-20,1,1
2021-10-21,1,1
2021-10-22,5,1
2021-10-27,2,1
2021-10-28,13,1
2021-11-02,9,1
2021-11-03,5,1
2022-08-05,1,1
2022-10-24,5,1
2022-10-26,1,1
2022-10-28,1,1
2022-11-03,11,1
2023-10-26,1,1
2023-11-04,6,1
2024-11-03,1,1
2025-10-11,11,1
2025-10-13,7,1
2025-10-15,23,1
2025-10-16,24,2
2025-10-17,11,1
2025-10-18,1,1
2025-10-19,59,5
2025-10-20,2,2
2025-10-21,20,2
2025-10-22,1,1
2025-10-23,9,1
2025-10-24,23,2
2025-10-25,8,2
2025-10-26,30,2
2025-10-27,12,2
2025-10-28,12,3
2025-10-29,2,1
2025-11-01,3,1
2025-11-02,5,1
2025-11-03,12,3
2025-11-04,5,1
2026-10-15,3,1
2026-10-21,2,1
2026-10-25,6,2
2028-10-24,8,1
2030-01-16,4,1
2033-03-19,12,1
2036-10-21,3,1
2036-10-22,19,1
2036-10-23,7,1
2037-04-09,1,1
