类目,浏览人数,浏览且加购人数,浏览且购买人数,浏览到购买率,加购者中的购买率
4756105,35432,7204,1723,4.86,11.61
982926,33612,6098,1490,4.43,10.2
2355072,31655,4819,796,2.51,7.78
4145813,31414,6300,1934,6.16,13.35
1320293,29022,4198,1084,3.74,9.28
3607361,28307,4184,826,2.92,9.5
4801426,26752,4748,1602,5.99,13.4
2520377,24791,3460,569,2.3,6.6
2465336,21846,3388,784,3.59,10.16
2735466,21061,3816,1986,9.43,17.72
3002561,20882,3226,975,4.67,11.01
1080785,18781,1816,266,1.42,5.55
4217906,16374,2509,859,5.25,13.14
149192,16042,2466,660,4.11,10.34
2520771,14376,1845,637,4.43,11.5
4181361,13547,2176,565,4.17,9.82
1464116,13439,2499,1877,13.97,19.84
2920476,13394,1240,164,1.22,4.44
154040,12542,1160,163,1.3,5.63
1879194,12010,1630,718,5.98,13.86
