小时,行为行数,该时段出现过的用户数,人均行为数
0,341110,31971,10.67
1,157582,16931,9.31
2,89423,9906,9.03
3,59594,7208,8.27
4,50603,6473,7.82
5,64734,8528,7.59
6,136198,18031,7.55
7,247982,33270,7.45
8,339153,44549,7.61
9,418139,52002,8.04
10,488089,57971,8.42
11,471347,58898,8.0
12,480171,59425,8.08
13,524085,60216,8.7
14,521714,59465,8.77
15,533292,60524,8.81
16,512291,59896,8.55
17,469949,58920,7.98
18,479248,58538,8.19
19,597679,62446,9.57
20,730036,66522,10.97
21,831317,68331,12.17
22,829244,65088,12.74
23,627632,51578,12.17
