行为序列,序列长度,出现会话数,占同长度会话比例,类型
pppp,4,59075,66.86,纯浏览
ppppp,5,42310,61.55,纯浏览
pppppp,6,31777,58.23,纯浏览
pppc,4,3295,3.73,含意向动作
cppp,4,2728,3.09,含意向动作
pcpp,4,2487,2.81,含意向动作
ppppc,5,2432,3.54,含意向动作
pppb,4,2408,2.73,含意向动作
ppcp,4,2385,2.7,含意向动作
cpppp,5,1963,2.86,含意向动作
ppppb,5,1818,2.64,含意向动作
ppcpp,5,1780,2.59,含意向动作
pppcp,5,1710,2.49,含意向动作
pppppc,6,1665,3.05,含意向动作
pcppp,5,1620,2.36,含意向动作
cppppp,6,1329,2.44,含意向动作
pppppb,6,1300,2.38,含意向动作
pppf,4,1275,1.44,含意向动作
bppp,4,1226,1.39,含意向动作
pppcpp,6,1211,2.22,含意向动作
